{
  "meta_title": "",
  "meta_description": "",
  "sections": [
    {
      "type": "banner-slider",
      "autoplay": 9000,
      "full_width": false,
      "slides": [
        {
          "start": "",
          "end": "",
          "img": "/img/uploads/jocks.jpg"
        },
        {
          "start": "",
          "end": "",
          "img": "/img/uploads/proteses.jpg"
        },
        {
          "start": "",
          "end": "",
          "img": "/img/uploads/parcelamento-1-.jpg"
        }
      ]
    },
    {
      "type": "collection-shelf",
      "shuffle": false,
      "limit": 12,
      "page": 1,
      "collection_id": "616883a528ace502aea647c2:categories:PROMOÇÕES:/promocoes"
    },
    {
      "type": "collection-shelf",
      "shuffle": true,
      "limit": 12,
      "page": 1,
      "sort": "news",
      "title": "RECÉM CHEGADOS",
      "autoplay": 5000
    },
    {
      "type": "collection-shelf",
      "shuffle": true,
      "limit": 12,
      "page": 1,
      "collection_id": "64089dc34bd2e929c1912587:categories:SOB ENCOMENDA:/sob-encomenda",
      "title": "SOB ENCOMENDA"
    },
    {
      "type": "dynamic-showcase",
      "load_more": true,
      "sort": "views"
    },
    {
      "type": "custom-html",
      "html": "<!-- Hotjar Tracking Code for http://www.kikisextoys.com/ -->\n<script>\n    (function(h,o,t,j,a,r){\n        h.hj=h.hj||function(){(h.hj.q=h.hj.q||[]).push(arguments)};\n        h._hjSettings={hjid:1887136,hjsv:6};\n        a=o.getElementsByTagName('head')[0];\n        r=o.createElement('script');r.async=1;\n        r.src=t+h._hjSettings.hjid+j+h._hjSettings.hjsv;\n        a.appendChild(r);\n    })(window,document,'https://static.hotjar.com/c/hotjar-','.js?sv=');\n</script>"
    }
  ]
}